# Activity Log
Auto-commit tracking started.
Auto-commit on Tue Dec 23 21:27:41 UTC 2025
Auto-commit on Wed Dec 24 01:25:58 UTC 2025
Auto-commit on Wed Dec 24 08:27:41 UTC 2025
Auto-commit on Wed Dec 24 16:23:33 UTC 2025
Auto-commit on Thu Dec 25 01:27:01 UTC 2025
Auto-commit on Thu Dec 25 08:26:37 UTC 2025
Auto-commit on Thu Dec 25 16:23:35 UTC 2025
Auto-commit on Fri Dec 26 01:27:06 UTC 2025
Auto-commit on Fri Dec 26 08:26:05 UTC 2025
Auto-commit on Fri Dec 26 16:22:01 UTC 2025
Auto-commit on Sat Dec 27 01:25:01 UTC 2025
Auto-commit on Sat Dec 27 08:24:17 UTC 2025
Auto-commit on Sat Dec 27 16:22:23 UTC 2025
Auto-commit on Sun Dec 28 01:45:31 UTC 2025
Auto-commit on Sun Dec 28 08:24:19 UTC 2025
Auto-commit on Sun Dec 28 16:22:42 UTC 2025
Auto-commit on Mon Dec 29 01:43:59 UTC 2025
Auto-commit on Mon Dec 29 08:29:13 UTC 2025
Auto-commit on Mon Dec 29 16:23:47 UTC 2025
Auto-commit on Tue Dec 30 01:27:23 UTC 2025
Auto-commit on Tue Dec 30 08:27:28 UTC 2025
Auto-commit on Tue Dec 30 16:25:07 UTC 2025
Auto-commit on Wed Dec 31 01:28:26 UTC 2025
Auto-commit on Wed Dec 31 08:27:30 UTC 2025
Auto-commit on Wed Dec 31 16:24:03 UTC 2025
Auto-commit on Thu Jan  1 01:46:20 UTC 2026
Auto-commit on Thu Jan  1 08:27:08 UTC 2026
Auto-commit on Thu Jan  1 16:24:24 UTC 2026
Auto-commit on Fri Jan  2 01:38:21 UTC 2026
Auto-commit on Fri Jan  2 08:27:14 UTC 2026
Auto-commit on Fri Jan  2 16:23:23 UTC 2026
Auto-commit on Sat Jan  3 01:24:12 UTC 2026
Auto-commit on Sat Jan  3 08:25:13 UTC 2026
Auto-commit on Sat Jan  3 16:22:34 UTC 2026
Auto-commit on Sun Jan  4 01:46:45 UTC 2026
Auto-commit on Sun Jan  4 08:25:50 UTC 2026
Auto-commit on Sun Jan  4 16:22:15 UTC 2026
Auto-commit on Mon Jan  5 01:46:39 UTC 2026
Auto-commit on Mon Jan  5 08:30:41 UTC 2026
Auto-commit on Mon Jan  5 16:25:38 UTC 2026
Auto-commit on Tue Jan  6 01:38:49 UTC 2026
Auto-commit on Tue Jan  6 08:28:29 UTC 2026
Auto-commit on Tue Jan  6 16:26:52 UTC 2026
Auto-commit on Wed Jan  7 01:28:56 UTC 2026
Auto-commit on Wed Jan  7 08:28:21 UTC 2026
Auto-commit on Wed Jan  7 16:28:57 UTC 2026
Auto-commit on Thu Jan  8 01:38:50 UTC 2026
Auto-commit on Thu Jan  8 08:28:28 UTC 2026
Auto-commit on Thu Jan  8 16:27:57 UTC 2026
Auto-commit on Fri Jan  9 01:39:28 UTC 2026
Auto-commit on Fri Jan  9 08:28:13 UTC 2026
Auto-commit on Fri Jan  9 16:25:56 UTC 2026
Auto-commit on Sat Jan 10 01:26:56 UTC 2026
Auto-commit on Sat Jan 10 08:24:26 UTC 2026
Auto-commit on Sat Jan 10 16:22:06 UTC 2026
Auto-commit on Sun Jan 11 01:46:39 UTC 2026
Auto-commit on Sun Jan 11 08:24:42 UTC 2026
Auto-commit on Sun Jan 11 16:22:11 UTC 2026
Auto-commit on Mon Jan 12 01:43:29 UTC 2026
Auto-commit on Mon Jan 12 08:29:59 UTC 2026
Auto-commit on Mon Jan 12 16:25:21 UTC 2026
Auto-commit on Tue Jan 13 01:26:06 UTC 2026
Auto-commit on Tue Jan 13 08:28:50 UTC 2026
Auto-commit on Tue Jan 13 16:29:35 UTC 2026
Auto-commit on Wed Jan 14 01:42:25 UTC 2026
Auto-commit on Wed Jan 14 08:28:38 UTC 2026
Auto-commit on Wed Jan 14 16:28:23 UTC 2026
Auto-commit on Thu Jan 15 01:28:00 UTC 2026
Auto-commit on Thu Jan 15 08:29:14 UTC 2026
Auto-commit on Thu Jan 15 16:33:01 UTC 2026
Auto-commit on Fri Jan 16 01:39:38 UTC 2026
Auto-commit on Fri Jan 16 08:28:11 UTC 2026
Auto-commit on Fri Jan 16 16:26:53 UTC 2026
Auto-commit on Sat Jan 17 01:26:08 UTC 2026
Auto-commit on Sat Jan 17 08:24:06 UTC 2026
Auto-commit on Sat Jan 17 16:21:13 UTC 2026
Auto-commit on Sun Jan 18 01:45:42 UTC 2026
Auto-commit on Sun Jan 18 08:24:40 UTC 2026
Auto-commit on Sun Jan 18 16:22:15 UTC 2026
Auto-commit on Mon Jan 19 01:44:06 UTC 2026
Auto-commit on Mon Jan 19 08:30:36 UTC 2026
Auto-commit on Mon Jan 19 16:27:12 UTC 2026
Auto-commit on Tue Jan 20 01:39:14 UTC 2026
Auto-commit on Tue Jan 20 08:29:41 UTC 2026
Commit 1 on Wed Jan 21 00:54:35 UTC 2026
Commit 2 on Wed Jan 21 00:59:05 UTC 2026
Commit 3 on Wed Jan 21 01:00:02 UTC 2026
Commit 4 on Wed Jan 21 01:04:08 UTC 2026
Commit 1 on Thu Jan 22 00:53:10 UTC 2026
Commit 2 on Thu Jan 22 00:57:58 UTC 2026
Commit 3 on Thu Jan 22 01:02:18 UTC 2026
Commit 4 on Thu Jan 22 01:07:31 UTC 2026
Commit 5 on Thu Jan 22 01:10:28 UTC 2026
Commit 6 on Thu Jan 22 01:20:14 UTC 2026
Commit 7 on Thu Jan 22 01:26:47 UTC 2026
Commit 8 on Thu Jan 22 01:30:12 UTC 2026
Commit 1 on Fri Jan 23 00:54:27 UTC 2026
Commit 2 on Fri Jan 23 00:58:26 UTC 2026
Commit 1 on Sat Jan 24 00:52:06 UTC 2026
Commit 2 on Sat Jan 24 00:54:53 UTC 2026
Commit 3 on Sat Jan 24 00:58:25 UTC 2026
Commit 4 on Sat Jan 24 00:59:18 UTC 2026
Commit 5 on Sat Jan 24 01:08:56 UTC 2026
Commit 6 on Sat Jan 24 01:16:32 UTC 2026
Commit 7 on Sat Jan 24 01:18:15 UTC 2026
Commit 8 on Sat Jan 24 01:22:04 UTC 2026
Commit 1 on Sun Jan 25 00:59:13 UTC 2026
Commit 2 on Sun Jan 25 01:03:39 UTC 2026
Commit 3 on Sun Jan 25 01:05:30 UTC 2026
Commit 4 on Sun Jan 25 01:06:41 UTC 2026
Commit 1 on Mon Jan 26 00:58:03 UTC 2026
Commit 2 on Mon Jan 26 00:59:51 UTC 2026
Commit 1 on Tue Jan 27 00:56:44 UTC 2026
Commit 2 on Tue Jan 27 01:01:01 UTC 2026
Commit 3 on Tue Jan 27 01:09:54 UTC 2026
Commit 4 on Tue Jan 27 01:13:42 UTC 2026
Commit 5 on Tue Jan 27 01:16:23 UTC 2026
Commit 6 on Tue Jan 27 01:18:28 UTC 2026
Commit 7 on Tue Jan 27 01:22:17 UTC 2026
Commit 8 on Tue Jan 27 01:25:34 UTC 2026
Commit 1 on Wed Jan 28 00:53:59 UTC 2026
Commit 2 on Wed Jan 28 00:54:34 UTC 2026
Commit 3 on Wed Jan 28 00:55:36 UTC 2026
Commit 4 on Wed Jan 28 00:57:47 UTC 2026
Commit 5 on Wed Jan 28 01:02:51 UTC 2026
Commit 6 on Wed Jan 28 01:06:42 UTC 2026
Commit 7 on Wed Jan 28 01:13:36 UTC 2026
Commit 8 on Wed Jan 28 01:14:07 UTC 2026
